k,r,mean_estimate,relative_bias_percent,exact_coverage,wald_coverage
0.75,50,4994.178797512123,-0.11642404975753379,0.8554,0.8473
0.75,40,4367.24027257187,-12.655194548562594,0.7883,0.7009
0.75,10,2546.6853373283516,-49.066293253432974,0.4887,0.2673
1.0,50,4995.96872617972,-0.08062547640560297,0.951,0.9381
1.0,40,5003.403164061291,0.06806328122582272,0.9487,0.9353
1.0,10,4984.990663448418,-0.3001867310316447,0.9487,0.9013
1.5,50,4997.067300252162,-0.05865399495676684,0.9955,0.9908
1.5,40,5557.107846319839,11.142156926396783,0.9651,0.9947
1.5,10,9228.889796780706,84.57779593561413,0.382,0.9685
